,time,close,0
0,,,2022-10-06 11:20:00
1,,,"[[ 9.8997003e-01  9.8991001e-01  9.9028999e-01  9.8983997e-01
   9.9045402e-01  3.4499130e+01 -2.2221846e-04 -1.0981476e-04
   9.9118000e-01  9.9118000e-01]]"
