Time,Actual,Predict
2022-10-06 11:25:00,0.98856,0.98903
